{
    "NOC_43": 0.2841597503699885,
    "AGE_12_NUM": 0.17603381587685674,
    "NAICS_21": 0.12356883305104749,
    "TENURE": 0.11404563641805823,
    "AHRSMAIN": 0.08279127890648784,
    "PROV": 0.06984650113982745,
    "EDUC": 0.0583192477379059,
    "CMA": 0.033050237597930035,
    "FTPTMAIN": 0.0247399486171872,
    "GENDER": 0.017015231549723706,
    "UNPAIDOT": 0.01642951873498705
}