{
    "NOC_43": 0.39477748891066944,
    "NAICS_21": 0.1610542474249156,
    "AGE_12_NUM": 0.13112409584395368,
    "FTPTMAIN": 0.08048517762029461,
    "EDUC": 0.06940841811778625,
    "TENURE": 0.06286956095666545,
    "PROV": 0.036375600778440965,
    "AHRSMAIN": 0.027900483012513747,
    "UNPAIDOT": 0.015598191112250663,
    "GENDER": 0.014910291142294078,
    "CMA": 0.0054964450802155364
}