{
    "NOC_43": 0.38545937883319675,
    "AGE_12_NUM": 0.21902538939274582,
    "NAICS_21": 0.14197188429505328,
    "TENURE": 0.061541188259772124,
    "EDUC": 0.04623266301025781,
    "PROV": 0.04486848359642837,
    "FTPTMAIN": 0.04321287961751329,
    "AHRSMAIN": 0.028141666070785647,
    "GENDER": 0.01146589996032114,
    "UNPAIDOT": 0.011309190795231568,
    "CMA": 0.006771376168694011
}