{
    "NOC_43": 0.3035432753450119,
    "NAICS_21": 0.12519320324618383,
    "TENURE": 0.11260218401978699,
    "AGE_12_NUM": 0.11240803665657396,
    "AHRSMAIN": 0.07937118613754972,
    "EDUC": 0.06962304986655628,
    "PROV": 0.06487208432248799,
    "FTPTMAIN": 0.060186376586913316,
    "CMA": 0.033000807035686024,
    "UNPAIDOT": 0.019894659179565087,
    "GENDER": 0.019305137603684793
}