{
    "VAL": [
        {
            "model": "GradientBoostingRegressor",
            "params": {
                "max_depth": 5,
                "n_estimators": 150,
                "loss": "absolute_error"
            },
            "R2": 0.47805541550108854,
            "ACC": 0.5871934604904632
        },
        {
            "model": "RandomForestRegressor",
            "params": {
                "max_depth": 5
            },
            "R2": 0.2760694421222032,
            "ACC": 0.41712079927338785
        }
    ],
    "TEST": [
        {
            "model": "GradientBoostingRegressor",
            "params": {
                "max_depth": 5,
                "n_estimators": 150,
                "loss": "absolute_error"
            },
            "R2": 0.48019116759232516,
            "ACC": 0.5681585939096668
        }
    ]
}