{
    "VAL": [
        {
            "model": "GradientBoostingRegressor",
            "params": {
                "max_depth": 5,
                "n_estimators": 150,
                "loss": "absolute_error"
            },
            "R2": 0.47805541550108854,
            "ACC": 0.5871934604904632
        },
        {
            "model": "GradientBoostingRegressor",
            "params": {
                "max_depth": 10,
                "n_estimators": 150,
                "loss": "absolute_error"
            },
            "R2": 0.5140174786896696,
            "ACC": 0.6058128973660308
        },
        {
            "model": "RandomForestRegressor",
            "params": {
                "max_depth": 5
            },
            "R2": 0.2750530233220624,
            "ACC": 0.41802906448683014
        }
    ],
    "TEST": [
        {
            "model": "GradientBoostingRegressor",
            "params": {
                "max_depth": 10,
                "n_estimators": 150,
                "loss": "absolute_error"
            },
            "R2": 0.519791343312576,
            "ACC": 0.589617821377478
        }
    ]
}